DeviceName,Manufacturer,Model,ModelFriendlyName,WarrantyStartDate,WarrantyEndDate,WarrantyState,SerialNumber,OperatingSystem,OSVersion,UserName,Email,UserCity,UserCountry,UserOfficeLocation,ComplianceStatus,Encrypted,OwnerType,EnrollmentType,LastSync,DefenderState,DefenderRealTimeProtection,DefenderSignatureOverdue,DefenderTamperProtection,DefenderLastReported,SnapshotDate
WIN-US-1001,Dell Inc.,Latitude 7440,N/A,N/A,N/A,N/A,GYUHW3A3,Windows,10.0.22631.3447,Priya Garcia,priya.garcia@contoso.com,Madrid,Spain,Madrid Office,Noncompliant,true,personal,windowsAzureADJoin,2026-06-27T08:00:00Z,Active,true,false,true,2026-07-09T01:00:00Z,2026-07-15
WIN-IN-1002,Lenovo,21CB,ThinkPad T14 Gen 3,2023-07-14,2026-07-13,Expired,X6NGCY29,Windows,10.0.19045.3930,Sofia Nieminen,sofia.nieminen@contoso.com,Bengaluru,India,Bengaluru Office,Compliant,true,company,windowsAzureADJoin,2026-06-25T18:00:00Z,Active,true,false,true,2026-07-06T04:00:00Z,2026-07-15
WIN-NL-1003,Microsoft Corporation,Surface Pro 9,N/A,N/A,N/A,N/A,XUZ42HBL,Windows,10.0.22631.3447,Ingrid Patel,ingrid.patel@contoso.com,Munich,Germany,Munich Office,Compliant,true,company,windowsAzureADJoin,2026-07-08T01:00:00Z,Active,true,false,true,2026-07-05T04:00:00Z,2026-07-15
WIN-US-1004,Lenovo,20XW,ThinkPad L15,2023-03-15,2026-03-14,Expired,TDBDX2QC,Windows,10.0.19045.3930,Yuki Kaur,yuki.kaur@contoso.com,Munich,Germany,Munich Office,Compliant,true,company,appleBulkWithoutUser,2026-06-20T10:00:00Z,Active,true,false,true,2026-07-13T13:00:00Z,2026-07-15
WIN-IN-1005,Dell Inc.,Latitude 5540,N/A,N/A,N/A,N/A,091TDX4T,Windows,10.0.22000.2836,Ravi Virtanen,ravi.virtanen@contoso.com,Pune,India,Pune DC,Compliant,false,personal,appleBulkWithoutUser,2026-06-30T20:00:00Z,Active,true,false,true,2026-07-05T16:00:00Z,2026-07-15
WIN-US-1006,Lenovo,21CB,ThinkPad T14 Gen 3,2023-06-15,2026-06-14,Expired,39UEY8FT,Windows,10.0.22000.2836,Aino Costa,aino.costa@contoso.com,Austin,United States,Austin Office,Compliant,false,company,appleBulkWithoutUser,2026-07-05T03:00:00Z,Active,true,false,false,2026-07-09T20:00:00Z,2026-07-15
MAC-DE-1007,Apple,"MacBookPro18,3",N/A,N/A,N/A,N/A,MWHHCXH6,macOS,13.6.4,Yuki Novak,yuki.novak@contoso.com,Pune,India,Pune DC,Compliant,true,company,deviceEnrollmentManager,2026-07-12T15:00:00Z,N/A,N/A,N/A,N/A,N/A,2026-07-15
WIN-SE-1008,Lenovo,21CB,ThinkPad T14 Gen 3,2023-03-09,2026-03-08,Expired,P5BYXC03,Windows,10.0.22631.3447,Arjun Wang,arjun.wang@contoso.com,Munich,Germany,Munich Office,Noncompliant,true,company,deviceEnrollmentManager,2026-06-25T04:00:00Z,Active,true,false,true,2026-07-10T12:00:00Z,2026-07-15
WIN-US-1009,Lenovo,21CB,ThinkPad T14 Gen 3,2023-04-04,2026-04-03,Expired,74FSHPBN,Windows,10.0.22000.2836,Noah Berg,noah.berg@contoso.com,Munich,Germany,Munich Office,Compliant,true,personal,windowsAutoEnrollment,2026-06-21T21:00:00Z,Active,true,false,false,2026-07-14T01:00:00Z,2026-07-15
WIN-IN-1010,Lenovo,21JK,ThinkPad P16v,2023-03-21,2026-03-20,Expired,BT4CC5P8,Windows,10.0.22631.3447,Ravi Silva,ravi.silva@contoso.com,Amsterdam,Netherlands,Amsterdam Hub,Compliant,true,company,windowsAzureADJoin,2026-07-01T23:00:00Z,Active,true,false,true,2026-07-13T08:00:00Z,2026-07-15
WIN-DE-1011,Dell Inc.,Latitude 7440,N/A,N/A,N/A,N/A,1CR99CHK,Windows,10.0.22000.2836,Omar Ivanov,omar.ivanov@contoso.com,Helsinki,Finland,Helsinki Office,Compliant,true,company,appleBulkWithoutUser,2026-07-05T04:00:00Z,Active,true,false,true,2026-07-05T03:00:00Z,2026-07-15
WIN-CA-1012,Microsoft Corporation,Surface Laptop 5,N/A,N/A,N/A,N/A,61FKHMZ4,Windows,10.0.22631.3447,Emma Kaur,emma.kaur@contoso.com,Pune,India,Pune DC,Noncompliant,true,company,windowsAzureADJoin,2026-06-21T17:00:00Z,Active,true,false,false,2026-07-13T19:00:00Z,2026-07-15
WIN-FI-1013,Lenovo,21HD,ThinkPad X1 Carbon Gen 11,2023-01-02,2026-01-01,Expired,ZFBNUQBN,Windows,10.0.19045.4046,Lucas Korhonen,lucas.korhonen@contoso.com,Amsterdam,Netherlands,Amsterdam Hub,Compliant,true,personal,deviceEnrollmentManager,2026-06-26T12:00:00Z,Active,true,true,false,2026-07-05T14:00:00Z,2026-07-15
WIN-ES-1014,Microsoft Corporation,Surface Laptop 5,N/A,N/A,N/A,N/A,QG72PY0J,Windows,10.0.19045.3930,Ingrid Wang,ingrid.wang@contoso.com,Helsinki,Finland,Helsinki Office,Noncompliant,true,company,deviceEnrollmentManager,2026-07-05T06:00:00Z,Inactive,false,false,true,2026-07-05T15:00:00Z,2026-07-15
WIN-ES-1015,HP,HP EliteBook 840 G10,N/A,N/A,N/A,N/A,KXP9U7D8,Windows,10.0.22621.3296,Diego Jansen,diego.jansen@contoso.com,Helsinki,Finland,Helsinki HQ,Compliant,true,company,deviceEnrollmentManager,2026-07-05T20:00:00Z,Active,true,false,true,2026-07-06T19:00:00Z,2026-07-15
WIN-DE-1016,Dell Inc.,Latitude 5540,N/A,N/A,N/A,N/A,A7U01YNC,Windows,10.0.19045.4046,Marco Berg,marco.berg@contoso.com,Helsinki,Finland,Helsinki Office,Compliant,true,company,windowsAzureADJoin,2026-06-28T22:00:00Z,Inactive,false,false,false,2026-07-10T09:00:00Z,2026-07-15
WIN-CA-1017,Dell Inc.,Precision 3591,N/A,N/A,N/A,N/A,VP4LH2WL,Windows,10.0.19045.4046,Sara Smith,sara.smith@contoso.com,Pune,India,Pune DC,Compliant,true,company,deviceEnrollmentManager,2026-07-07T04:00:00Z,Active,true,false,true,2026-07-08T11:00:00Z,2026-07-15
WIN-US-1018,Dell Inc.,Latitude 7440,N/A,N/A,N/A,N/A,9W2R6V0P,Windows,10.0.22000.2836,Emma Nieminen,emma.nieminen@contoso.com,Munich,Germany,Munich Office,Compliant,true,company,windowsAzureADJoin,2026-07-05T08:00:00Z,Active,true,false,false,2026-07-12T10:00:00Z,2026-07-15
WIN-CA-1019,Lenovo,21HD,ThinkPad X1 Carbon Gen 11,2023-09-23,2026-09-22,Expiring soon,86W0T4U6,Windows,10.0.19045.4046,Priya Patel,priya.patel@contoso.com,Amsterdam,Netherlands,Amsterdam Hub,Compliant,true,personal,windowsAzureADJoin,2026-06-25T21:00:00Z,Active,true,false,true,2026-07-11T15:00:00Z,2026-07-15
WIN-FI-1020,Dell Inc.,Latitude 7440,N/A,N/A,N/A,N/A,FHQMRC4P,Windows,10.0.22631.3447,Diego Jansen,diego.jansen@contoso.com,Austin,United States,Austin Office,Compliant,false,company,appleBulkWithoutUser,2026-07-01T01:00:00Z,Active,true,false,true,2026-07-07T15:00:00Z,2026-07-15
WIN-FI-1021,Microsoft Corporation,Surface Pro 9,N/A,N/A,N/A,N/A,KSPY3047,Windows,10.0.22621.3296,Ingrid Smith,ingrid.smith@contoso.com,Helsinki,Finland,Helsinki HQ,Noncompliant,true,personal,windowsAutoEnrollment,2026-06-22T09:00:00Z,Active,true,false,true,2026-07-12T16:00:00Z,2026-07-15
WIN-FI-1022,Microsoft Corporation,Surface Laptop 5,N/A,N/A,N/A,N/A,JCAU9MY2,Windows,10.0.19045.4046,Noah Kaur,noah.kaur@contoso.com,Amsterdam,Netherlands,Amsterdam Hub,Compliant,true,company,windowsAutoEnrollment,2026-07-01T10:00:00Z,Active,true,false,true,2026-07-10T13:00:00Z,2026-07-15
WIN-US-1023,HP,HP EliteBook 840 G10,N/A,N/A,N/A,N/A,02FLV7V6,Windows,10.0.19045.3930,Marco Garcia,marco.garcia@contoso.com,Helsinki,Finland,Helsinki HQ,Compliant,true,company,deviceEnrollmentManager,2026-06-25T12:00:00Z,Active,true,false,true,2026-07-07T01:00:00Z,2026-07-15
WIN-ES-1024,Dell Inc.,Precision 3591,N/A,N/A,N/A,N/A,YAQSQN6R,Windows,10.0.19045.3930,Elin Jansen,elin.jansen@contoso.com,Helsinki,Finland,Helsinki Office,Compliant,true,company,windowsAzureADJoin,2026-06-21T05:00:00Z,Active,true,false,true,2026-07-09T15:00:00Z,2026-07-15
WIN-DE-1025,Dell Inc.,Precision 3591,N/A,N/A,N/A,N/A,R1VYMSMS,Windows,10.0.22000.2836,Marco Wang,marco.wang@contoso.com,Pune,India,Pune DC,Noncompliant,true,company,appleBulkWithoutUser,2026-07-01T14:00:00Z,Inactive,false,false,false,2026-07-05T15:00:00Z,2026-07-15
WIN-US-1026,HP,HP ProBook 450 G9,N/A,N/A,N/A,N/A,2DHZLVSU,Windows,10.0.22631.3447,Lucas Wang,lucas.wang@contoso.com,Toronto,Canada,Toronto Office,Compliant,true,company,windowsAutoEnrollment,2026-06-24T12:00:00Z,Active,true,false,true,2026-07-10T06:00:00Z,2026-07-15
MAC-SE-1027,Apple,"MacBookAir10,1",N/A,N/A,N/A,N/A,8ZG1KW1W,macOS,14.3.1,Lucas Smith,lucas.smith@contoso.com,Munich,Germany,Munich Office,Compliant,true,company,windowsAzureADJoin,2026-06-22T12:00:00Z,N/A,N/A,N/A,N/A,N/A,2026-07-15
WIN-SE-1028,Microsoft Corporation,Surface Pro 9,N/A,N/A,N/A,N/A,5VRQGB7S,Windows,10.0.19045.3930,Emma Smith,emma.smith@contoso.com,Bengaluru,India,Bengaluru Office,Compliant,true,company,windowsAzureADJoin,2026-06-21T18:00:00Z,Active,true,false,true,2026-07-13T22:00:00Z,2026-07-15
WIN-SE-1029,Dell Inc.,Latitude 7440,N/A,N/A,N/A,N/A,TRR59LXW,Windows,10.0.22000.2836,Noah Garcia,noah.garcia@contoso.com,Helsinki,Finland,Helsinki HQ,Noncompliant,true,company,deviceEnrollmentManager,2026-07-10T07:00:00Z,Active,true,false,true,2026-07-06T18:00:00Z,2026-07-15
MAC-NL-1030,Apple,"MacBookPro18,3",N/A,N/A,N/A,N/A,RWKH0ZRZ,macOS,13.6.4,Lucas Nieminen,lucas.nieminen@contoso.com,Madrid,Spain,Madrid Office,Compliant,true,company,windowsAzureADJoin,2026-06-27T22:00:00Z,N/A,N/A,N/A,N/A,N/A,2026-07-15
WIN-US-1031,HP,HP EliteBook 840 G10,N/A,N/A,N/A,N/A,QRLPKUQW,Windows,10.0.22621.3296,Ravi Jansen,ravi.jansen@contoso.com,Helsinki,Finland,Helsinki Office,Compliant,true,company,windowsAzureADJoin,2026-07-12T19:00:00Z,Active,true,false,true,2026-07-11T23:00:00Z,2026-07-15
WIN-SE-1032,HP,HP ProBook 450 G9,N/A,N/A,N/A,N/A,K9Q38RPL,Windows,10.0.19045.4046,Priya Ivanov,priya.ivanov@contoso.com,Helsinki,Finland,Helsinki Office,Compliant,false,company,appleBulkWithoutUser,2026-06-20T18:00:00Z,Active,true,false,true,2026-07-05T06:00:00Z,2026-07-15
WIN-IN-1033,Microsoft Corporation,Surface Pro 9,N/A,N/A,N/A,N/A,YUQGN1X1,Windows,10.0.22621.3296,Olivia Lehto,olivia.lehto@contoso.com,Munich,Germany,Munich Office,Noncompliant,true,company,appleBulkWithoutUser,2026-07-04T14:00:00Z,Active,true,false,true,2026-07-15T00:00:00Z,2026-07-15
WIN-CA-1034,Lenovo,21CB,ThinkPad T14 Gen 3,2023-01-15,2026-01-14,Expired,D8YF7KZQ,Windows,10.0.22631.3447,Diego Andersson,diego.andersson@contoso.com,Munich,Germany,Munich Office,Not evaluated,true,company,deviceEnrollmentManager,2026-07-02T02:00:00Z,Active,true,false,true,2026-07-05T07:00:00Z,2026-07-15
MAC-CA-1035,Apple,"MacBookPro18,3",N/A,N/A,N/A,N/A,K2Q7T3KL,macOS,14.3.1,Noah Lehto,noah.lehto@contoso.com,Austin,United States,Austin Office,Compliant,true,company,deviceEnrollmentManager,2026-07-12T09:00:00Z,N/A,N/A,N/A,N/A,N/A,2026-07-15
WIN-ES-1036,Microsoft Corporation,Surface Pro 9,N/A,N/A,N/A,N/A,5PLS7N92,Windows,10.0.22000.2836,Ingrid Rossi,ingrid.rossi@contoso.com,Munich,Germany,Munich Office,Compliant,true,company,appleBulkWithoutUser,2026-07-07T07:00:00Z,N/A,N/A,false,true,N/A,2026-07-15
WIN-DE-1037,Dell Inc.,Latitude 7440,N/A,N/A,N/A,N/A,2KXPCMYU,Windows,10.0.19045.3930,Elin Rossi,elin.rossi@contoso.com,Austin,United States,Austin Office,Noncompliant,true,company,windowsAutoEnrollment,2026-07-14T17:00:00Z,Active,true,false,true,2026-07-10T00:00:00Z,2026-07-15
WIN-US-1038,Dell Inc.,Latitude 5540,N/A,N/A,N/A,N/A,FLAMBNQJ,Windows,10.0.22000.2836,Marco Nieminen,marco.nieminen@contoso.com,Helsinki,Finland,Helsinki HQ,Compliant,true,company,deviceEnrollmentManager,2026-07-11T12:00:00Z,Active,true,false,true,2026-07-10T07:00:00Z,2026-07-15
WIN-NL-1039,Dell Inc.,Latitude 7440,N/A,N/A,N/A,N/A,RKUC89L8,Windows,10.0.19045.3930,Liam Costa,liam.costa@contoso.com,Stockholm,Sweden,Stockholm Office,Noncompliant,true,company,deviceEnrollmentManager,2026-07-05T11:00:00Z,Active,true,false,false,2026-07-06T11:00:00Z,2026-07-15
WIN-IN-1040,Dell Inc.,Latitude 5540,N/A,N/A,N/A,N/A,VZ1BWS6K,Windows,10.0.19045.3930,Diego Andersson,diego.andersson@contoso.com,Amsterdam,Netherlands,Amsterdam Hub,Compliant,true,company,appleBulkWithoutUser,2026-07-14T10:00:00Z,N/A,N/A,false,true,N/A,2026-07-15
WIN-DE-1041,Dell Inc.,Latitude 5540,N/A,N/A,N/A,N/A,BNE6MQG2,Windows,10.0.19045.3930,Marco Muller,marco.muller@contoso.com,Madrid,Spain,Madrid Office,Compliant,true,company,deviceEnrollmentManager,2026-07-11T05:00:00Z,Inactive,false,false,true,2026-07-10T08:00:00Z,2026-07-15
WIN-NL-1042,Dell Inc.,Latitude 5540,N/A,N/A,N/A,N/A,83N2AURY,Windows,10.0.19045.3930,Diego Smith,diego.smith@contoso.com,Pune,India,Pune DC,Noncompliant,true,company,windowsAzureADJoin,2026-07-09T08:00:00Z,Active,true,false,true,2026-07-10T19:00:00Z,2026-07-15
WIN-US-1043,Dell Inc.,Precision 3591,N/A,N/A,N/A,N/A,E8LSD6ER,Windows,10.0.22631.3447,Priya Silva,priya.silva@contoso.com,Helsinki,Finland,Helsinki Office,Compliant,true,company,deviceEnrollmentManager,2026-07-12T16:00:00Z,Active,true,false,true,2026-07-13T19:00:00Z,2026-07-15
WIN-SE-1044,Dell Inc.,Precision 3591,N/A,N/A,N/A,N/A,N6XCK884,Windows,10.0.19045.3930,Sofia Silva,sofia.silva@contoso.com,Amsterdam,Netherlands,Amsterdam Hub,Compliant,true,company,appleBulkWithoutUser,2026-07-06T02:00:00Z,Active,true,false,false,2026-07-07T17:00:00Z,2026-07-15
WIN-ES-1045,HP,HP EliteBook 840 G10,N/A,N/A,N/A,N/A,WK99U3D5,Windows,10.0.19045.4046,Priya Garcia,priya.garcia@contoso.com,Bengaluru,India,Bengaluru Office,Noncompliant,true,company,deviceEnrollmentManager,2026-06-20T08:00:00Z,Active,true,false,false,2026-07-05T10:00:00Z,2026-07-15
WIN-CA-1046,Lenovo,21CB,ThinkPad T14 Gen 3,2023-05-16,2026-05-15,Expired,8B25TR8C,Windows,10.0.22000.2836,Aino Patel,aino.patel@contoso.com,Bengaluru,India,Bengaluru Office,Compliant,true,company,windowsAzureADJoin,2026-06-25T01:00:00Z,Active,true,false,true,2026-07-12T16:00:00Z,2026-07-15
WIN-IN-1047,Microsoft Corporation,Surface Pro 9,N/A,N/A,N/A,N/A,URWDZ4Y2,Windows,10.0.19045.4046,Nina Nieminen,nina.nieminen@contoso.com,Munich,Germany,Munich Office,Noncompliant,true,company,deviceEnrollmentManager,2026-07-03T15:00:00Z,Active,true,false,true,2026-07-08T16:00:00Z,2026-07-15
WIN-DE-1048,Dell Inc.,Latitude 7440,N/A,N/A,N/A,N/A,DCQ1NEC8,Windows,10.0.22621.3296,Nina Lehto,nina.lehto@contoso.com,Bengaluru,India,Bengaluru Office,Compliant,false,company,appleBulkWithoutUser,2026-06-29T09:00:00Z,N/A,N/A,false,true,N/A,2026-07-15
WIN-FI-1049,HP,HP ProBook 450 G9,N/A,N/A,N/A,N/A,DKHQV2XY,Windows,10.0.22631.3447,Eero Smith,eero.smith@contoso.com,Amsterdam,Netherlands,Amsterdam Hub,Compliant,true,company,deviceEnrollmentManager,2026-07-08T18:00:00Z,Active,true,false,true,2026-07-11T02:00:00Z,2026-07-15
WIN-DE-1050,Dell Inc.,Precision 3591,N/A,N/A,N/A,N/A,19DUNRFL,Windows,10.0.22631.3447,Emma Muller,emma.muller@contoso.com,Helsinki,Finland,Helsinki HQ,Compliant,true,company,windowsAzureADJoin,2026-07-07T15:00:00Z,Inactive,false,false,true,2026-07-13T12:00:00Z,2026-07-15
WIN-FI-1051,HP,HP EliteBook 840 G10,N/A,N/A,N/A,N/A,QKZSYBPW,Windows,10.0.19045.4046,Emma Costa,emma.costa@contoso.com,Stockholm,Sweden,Stockholm Office,Compliant,false,company,windowsAutoEnrollment,2026-06-24T15:00:00Z,Active,true,false,true,2026-07-11T08:00:00Z,2026-07-15
WIN-US-1052,Lenovo,21CB,ThinkPad T14 Gen 3,2023-03-03,2026-03-02,Expired,P1QRCLQP,Windows,10.0.19045.3930,Olivia Rossi,olivia.rossi@contoso.com,Pune,India,Pune DC,Compliant,true,company,windowsAutoEnrollment,2026-06-22T15:00:00Z,Active,true,false,true,2026-07-14T06:00:00Z,2026-07-15
WIN-ES-1053,Lenovo,21JK,ThinkPad P16v,2023-08-24,2026-08-23,Expiring soon,MMFTDT6M,Windows,10.0.19045.4046,Emma Costa,emma.costa@contoso.com,Bengaluru,India,Bengaluru Office,Noncompliant,true,company,windowsAzureADJoin,2026-07-04T23:00:00Z,Active,true,true,true,2026-07-07T02:00:00Z,2026-07-15
WIN-NL-1054,Lenovo,21CB,ThinkPad T14 Gen 3,2023-03-20,2026-03-19,Expired,X9L9LQRX,Windows,10.0.22631.3447,Emma Costa,emma.costa@contoso.com,Madrid,Spain,Madrid Office,Noncompliant,true,company,windowsAutoEnrollment,2026-06-25T13:00:00Z,Active,true,false,true,2026-07-09T00:00:00Z,2026-07-15
WIN-CA-1055,Dell Inc.,Latitude 5540,N/A,N/A,N/A,N/A,1B6VGWT8,Windows,10.0.22000.2836,Olivia Kaur,olivia.kaur@contoso.com,Helsinki,Finland,Helsinki Office,Compliant,false,company,windowsAzureADJoin,2026-07-11T12:00:00Z,Active,true,false,true,2026-07-06T14:00:00Z,2026-07-15
WIN-ES-1056,Lenovo,20XW,ThinkPad L15,2023-05-07,2026-05-06,Expired,BXMMUPJ4,Windows,10.0.19045.4046,Emma Korhonen,emma.korhonen@contoso.com,Austin,United States,Austin Office,Compliant,true,company,deviceEnrollmentManager,2026-06-29T20:00:00Z,Active,true,false,true,2026-07-08T15:00:00Z,2026-07-15
WIN-SE-1057,Lenovo,21CB,ThinkPad T14 Gen 3,2023-02-13,2026-02-12,Expired,GH8SHEC4,Windows,10.0.22631.3447,Yuki Garcia,yuki.garcia@contoso.com,Pune,India,Pune DC,Compliant,true,company,deviceEnrollmentManager,2026-06-22T21:00:00Z,Active,true,false,false,2026-07-11T17:00:00Z,2026-07-15
WIN-DE-1058,Dell Inc.,Precision 3591,N/A,N/A,N/A,N/A,K1RUL3R4,Windows,10.0.22000.2836,Mateo Costa,mateo.costa@contoso.com,Helsinki,Finland,Helsinki HQ,Compliant,true,company,deviceEnrollmentManager,2026-06-26T16:00:00Z,Active,true,false,true,2026-07-08T12:00:00Z,2026-07-15
WIN-IN-1059,HP,HP ProBook 450 G9,N/A,N/A,N/A,N/A,44K1K6FQ,Windows,10.0.22621.3296,Yuki Dubois,yuki.dubois@contoso.com,Pune,India,Pune DC,Compliant,true,company,deviceEnrollmentManager,2026-07-04T16:00:00Z,Active,true,false,true,2026-07-07T10:00:00Z,2026-07-15
WIN-SE-1060,Microsoft Corporation,Surface Pro 9,N/A,N/A,N/A,N/A,EB7S41RW,Windows,10.0.19045.4046,Eero Lehto,eero.lehto@contoso.com,Amsterdam,Netherlands,Amsterdam Hub,Compliant,true,personal,appleBulkWithoutUser,2026-07-05T19:00:00Z,Active,true,false,true,2026-07-06T14:00:00Z,2026-07-15
WIN-US-1061,Lenovo,21CB,ThinkPad T14 Gen 3,2023-08-05,2026-08-04,Expiring soon,SUXV0KAM,Windows,10.0.19045.3930,Marco Dubois,marco.dubois@contoso.com,Austin,United States,Austin Office,Compliant,true,company,windowsAzureADJoin,2026-07-05T04:00:00Z,Active,true,false,false,2026-07-05T09:00:00Z,2026-07-15
WIN-DE-1062,Lenovo,21HD,ThinkPad X1 Carbon Gen 11,2023-10-06,2026-10-05,Expiring soon,2M0X20MB,Windows,10.0.22000.2836,Liam Dubois,liam.dubois@contoso.com,Bengaluru,India,Bengaluru Office,Compliant,true,company,windowsAutoEnrollment,2026-06-25T07:00:00Z,Active,true,false,true,2026-07-11T05:00:00Z,2026-07-15
WIN-DE-1063,Microsoft Corporation,Surface Laptop 5,N/A,N/A,N/A,N/A,P3SBXK5B,Windows,10.0.22621.3296,Emma Garcia,emma.garcia@contoso.com,Munich,Germany,Munich Office,Compliant,true,company,appleBulkWithoutUser,2026-07-06T18:00:00Z,Active,true,true,true,2026-07-09T13:00:00Z,2026-07-15
WIN-CA-1064,Lenovo,20XW,ThinkPad L15,2023-06-23,2026-06-22,Expired,KDMLR0FR,Windows,10.0.22621.3296,Nina Lehto,nina.lehto@contoso.com,Amsterdam,Netherlands,Amsterdam Hub,Not evaluated,true,company,appleBulkWithoutUser,2026-07-11T20:00:00Z,Active,false,false,true,2026-07-09T05:00:00Z,2026-07-15
WIN-CA-1065,Lenovo,20XW,ThinkPad L15,2023-02-08,2026-02-07,Expired,JXN8BFRN,Windows,10.0.22000.2836,Lucas Korhonen,lucas.korhonen@contoso.com,Amsterdam,Netherlands,Amsterdam Hub,Compliant,true,company,deviceEnrollmentManager,2026-07-14T01:00:00Z,Active,true,false,false,2026-07-14T07:00:00Z,2026-07-15
WIN-CA-1066,HP,HP EliteBook 840 G10,N/A,N/A,N/A,N/A,R9K7SE4R,Windows,10.0.22000.2836,Yuki Rossi,yuki.rossi@contoso.com,Bengaluru,India,Bengaluru Office,Compliant,true,company,deviceEnrollmentManager,2026-06-24T01:00:00Z,Active,true,false,true,2026-07-07T12:00:00Z,2026-07-15
MAC-ES-1067,Apple,"MacBookAir10,1",N/A,N/A,N/A,N/A,TEGE2AUN,macOS,13.6.4,Liam Wang,liam.wang@contoso.com,Bengaluru,India,Bengaluru Office,Compliant,true,company,deviceEnrollmentManager,2026-06-29T22:00:00Z,N/A,N/A,N/A,N/A,N/A,2026-07-15
WIN-FI-1068,Dell Inc.,Latitude 7440,N/A,N/A,N/A,N/A,ZM52XG8Q,Windows,10.0.19045.4046,Yuki Silva,yuki.silva@contoso.com,Pune,India,Pune DC,Compliant,true,company,windowsAzureADJoin,2026-07-10T00:00:00Z,N/A,N/A,false,true,N/A,2026-07-15
WIN-DE-1069,Microsoft Corporation,Surface Laptop 5,N/A,N/A,N/A,N/A,WDXWVFX6,Windows,10.0.22631.3447,Emma Rossi,emma.rossi@contoso.com,Stockholm,Sweden,Stockholm Office,In grace period,true,personal,appleBulkWithoutUser,2026-07-12T00:00:00Z,Active,true,false,false,2026-07-11T19:00:00Z,2026-07-15
WIN-IN-1070,Microsoft Corporation,Surface Laptop 5,N/A,N/A,N/A,N/A,S3ZLCCQS,Windows,10.0.19045.4046,Eero Ivanov,eero.ivanov@contoso.com,Helsinki,Finland,Helsinki Office,Compliant,true,company,windowsAzureADJoin,2026-06-24T03:00:00Z,Inactive,false,false,true,2026-07-11T19:00:00Z,2026-07-15
WIN-ES-1071,Lenovo,21CB,ThinkPad T14 Gen 3,2023-03-08,2026-03-07,Expired,5Q86370G,Windows,10.0.22631.3447,Ingrid Lehto,ingrid.lehto@contoso.com,Bengaluru,India,Bengaluru Office,Noncompliant,true,company,deviceEnrollmentManager,2026-06-25T11:00:00Z,Active,true,false,false,2026-07-10T22:00:00Z,2026-07-15
WIN-DE-1072,Dell Inc.,Precision 3591,N/A,N/A,N/A,N/A,YRU4Q601,Windows,10.0.22621.3296,Olivia Silva,olivia.silva@contoso.com,Munich,Germany,Munich Office,Compliant,true,company,deviceEnrollmentManager,2026-07-06T04:00:00Z,Active,false,false,true,2026-07-06T01:00:00Z,2026-07-15
WIN-CA-1073,Lenovo,21HD,ThinkPad X1 Carbon Gen 11,2023-10-11,2026-10-10,Expiring soon,71GTTBEM,Windows,10.0.22000.2836,Arjun Novak,arjun.novak@contoso.com,Austin,United States,Austin Office,Compliant,true,company,appleBulkWithoutUser,2026-07-10T07:00:00Z,Active,true,false,true,2026-07-09T02:00:00Z,2026-07-15
WIN-FI-1074,Dell Inc.,Latitude 7440,N/A,N/A,N/A,N/A,3NY9V30Z,Windows,10.0.22000.2836,Noah Rossi,noah.rossi@contoso.com,Austin,United States,Austin Office,In grace period,true,company,appleBulkWithoutUser,2026-07-01T00:00:00Z,Active,true,false,true,2026-07-09T23:00:00Z,2026-07-15
WIN-FI-1075,Dell Inc.,Latitude 5540,N/A,N/A,N/A,N/A,DALFZP27,Windows,10.0.22000.2836,Priya Korhonen,priya.korhonen@contoso.com,Toronto,Canada,Toronto Office,Compliant,true,company,windowsAutoEnrollment,2026-07-09T01:00:00Z,Inactive,false,false,true,2026-07-07T13:00:00Z,2026-07-15
WIN-IN-1076,HP,HP EliteBook 840 G10,N/A,N/A,N/A,N/A,JS8KL892,Windows,10.0.22000.2836,Diego Dubois,diego.dubois@contoso.com,Bengaluru,India,Bengaluru Office,Compliant,true,company,appleBulkWithoutUser,2026-06-22T01:00:00Z,Active,true,false,true,2026-07-07T15:00:00Z,2026-07-15
WIN-IN-1077,HP,HP ProBook 450 G9,N/A,N/A,N/A,N/A,3KK0MRJS,Windows,10.0.22631.3447,Ingrid Wang,ingrid.wang@contoso.com,Munich,Germany,Munich Office,In grace period,true,company,windowsAzureADJoin,2026-06-20T21:00:00Z,Active,true,false,true,2026-07-06T19:00:00Z,2026-07-15
WIN-NL-1078,Microsoft Corporation,Surface Pro 9,N/A,N/A,N/A,N/A,E89FY5SY,Windows,10.0.22000.2836,Noah Andersson,noah.andersson@contoso.com,Pune,India,Pune DC,Compliant,true,company,deviceEnrollmentManager,2026-07-05T10:00:00Z,Active,true,false,false,2026-07-06T19:00:00Z,2026-07-15
WIN-NL-1079,Lenovo,21HD,ThinkPad X1 Carbon Gen 11,2023-01-20,2026-01-19,Expired,7875AVD9,Windows,10.0.19045.4046,Priya Wang,priya.wang@contoso.com,Toronto,Canada,Toronto Office,In grace period,true,personal,deviceEnrollmentManager,2026-07-13T19:00:00Z,N/A,N/A,false,true,N/A,2026-07-15
WIN-DE-1080,Dell Inc.,Precision 3591,N/A,N/A,N/A,N/A,MLYGWXPQ,Windows,10.0.22000.2836,Diego Garcia,diego.garcia@contoso.com,Austin,United States,Austin Office,Noncompliant,true,company,windowsAzureADJoin,2026-07-01T06:00:00Z,Active,true,false,true,2026-07-07T04:00:00Z,2026-07-15
WIN-SE-1081,Lenovo,21HD,ThinkPad X1 Carbon Gen 11,2023-05-08,2026-05-07,Expired,JYRFZ762,Windows,10.0.19045.3930,Diego Rossi,diego.rossi@contoso.com,Stockholm,Sweden,Stockholm Office,Compliant,true,company,appleBulkWithoutUser,2026-07-01T07:00:00Z,Active,true,true,true,2026-07-07T15:00:00Z,2026-07-15
WIN-SE-1082,Dell Inc.,Latitude 5540,N/A,N/A,N/A,N/A,HJ15CRZC,Windows,10.0.22631.3447,Priya Jansen,priya.jansen@contoso.com,Toronto,Canada,Toronto Office,In grace period,true,company,appleBulkWithoutUser,2026-06-27T15:00:00Z,Active,true,false,true,2026-07-06T05:00:00Z,2026-07-15
WIN-IN-1083,Lenovo,21CB,ThinkPad T14 Gen 3,2023-06-17,2026-06-16,Expired,TRBR30P3,Windows,10.0.22000.2836,Noah Patel,noah.patel@contoso.com,Austin,United States,Austin Office,Noncompliant,true,company,windowsAutoEnrollment,2026-07-11T11:00:00Z,Inactive,false,false,false,2026-07-13T15:00:00Z,2026-07-15
WIN-ES-1084,Dell Inc.,Latitude 7440,N/A,N/A,N/A,N/A,XQ9P56NZ,Windows,10.0.22621.3296,Liam Wang,liam.wang@contoso.com,Bengaluru,India,Bengaluru Office,Not evaluated,true,company,windowsAutoEnrollment,2026-07-14T00:00:00Z,Active,true,false,true,2026-07-07T06:00:00Z,2026-07-15
WIN-FI-1085,HP,HP ProBook 450 G9,N/A,N/A,N/A,N/A,QNHRFG52,Windows,10.0.19045.4046,Ravi Lehto,ravi.lehto@contoso.com,Stockholm,Sweden,Stockholm Office,Compliant,true,company,windowsAzureADJoin,2026-07-14T09:00:00Z,N/A,N/A,false,true,N/A,2026-07-15
WIN-DE-1086,Microsoft Corporation,Surface Pro 9,N/A,N/A,N/A,N/A,2E9H7VV2,Windows,10.0.22000.2836,Priya Sharma,priya.sharma@contoso.com,Helsinki,Finland,Helsinki HQ,Compliant,true,company,windowsAzureADJoin,2026-07-04T22:00:00Z,Active,true,false,true,2026-07-05T19:00:00Z,2026-07-15
WIN-NL-1087,Lenovo,21CB,ThinkPad T14 Gen 3,2023-05-21,2026-05-20,Expired,2LQFN1S4,Windows,10.0.22000.2836,Omar Smith,omar.smith@contoso.com,Madrid,Spain,Madrid Office,Compliant,true,company,deviceEnrollmentManager,2026-06-27T03:00:00Z,Active,false,false,true,2026-07-10T23:00:00Z,2026-07-15
WIN-IN-1088,Microsoft Corporation,Surface Laptop 5,N/A,N/A,N/A,N/A,U4BNWBC3,Windows,10.0.22621.3296,Ravi Berg,ravi.berg@contoso.com,Helsinki,Finland,Helsinki HQ,Not evaluated,true,company,deviceEnrollmentManager,2026-07-04T11:00:00Z,Active,true,false,true,2026-07-14T01:00:00Z,2026-07-15
WIN-CA-1089,Dell Inc.,Latitude 5540,N/A,N/A,N/A,N/A,2NUNJTSD,Windows,10.0.22631.3447,Arjun Sharma,arjun.sharma@contoso.com,Helsinki,Finland,Helsinki HQ,Not evaluated,false,personal,windowsAutoEnrollment,2026-07-05T00:00:00Z,Active,true,false,true,2026-07-11T14:00:00Z,2026-07-15
WIN-CA-1090,HP,HP ProBook 450 G9,N/A,N/A,N/A,N/A,MN4SYZJ3,Windows,10.0.19045.3930,Mateo Berg,mateo.berg@contoso.com,Bengaluru,India,Bengaluru Office,Compliant,true,company,windowsAzureADJoin,2026-07-04T05:00:00Z,Active,true,false,true,2026-07-12T22:00:00Z,2026-07-15
WIN-CA-1091,Dell Inc.,Precision 3591,N/A,N/A,N/A,N/A,AEXCFHRC,Windows,10.0.22631.3447,Noah Wang,noah.wang@contoso.com,Stockholm,Sweden,Stockholm Office,Compliant,true,company,windowsAzureADJoin,2026-06-23T00:00:00Z,Active,true,false,true,2026-07-06T21:00:00Z,2026-07-15
WIN-DE-1092,HP,HP EliteBook 840 G10,N/A,N/A,N/A,N/A,DDFGT3KP,Windows,10.0.19045.4046,Ravi Berg,ravi.berg@contoso.com,Austin,United States,Austin Office,Compliant,true,company,appleBulkWithoutUser,2026-07-14T15:00:00Z,Active,true,false,true,2026-07-13T03:00:00Z,2026-07-15
MAC-DE-1093,Apple,"MacBookAir10,1",N/A,N/A,N/A,N/A,PNSXZC4X,macOS,13.6.4,Priya Smith,priya.smith@contoso.com,Madrid,Spain,Madrid Office,Compliant,true,company,windowsAzureADJoin,2026-07-11T09:00:00Z,N/A,N/A,N/A,N/A,N/A,2026-07-15
WIN-US-1094,Dell Inc.,Latitude 7440,N/A,N/A,N/A,N/A,UYG4AHE3,Windows,10.0.22000.2836,Priya Sharma,priya.sharma@contoso.com,Helsinki,Finland,Helsinki HQ,In grace period,true,company,appleBulkWithoutUser,2026-07-13T09:00:00Z,N/A,N/A,false,true,N/A,2026-07-15
MAC-SE-1095,Apple,"MacBookAir10,1",N/A,N/A,N/A,N/A,1E90T9BQ,macOS,14.4.1,Priya Ivanov,priya.ivanov@contoso.com,Toronto,Canada,Toronto Office,Noncompliant,true,personal,appleBulkWithoutUser,2026-06-28T23:00:00Z,N/A,N/A,N/A,N/A,N/A,2026-07-15
WIN-NL-1096,Lenovo,21JK,ThinkPad P16v,2023-09-09,2026-09-08,Expiring soon,CKN2FPND,Windows,10.0.22631.3447,Lucas Kaur,lucas.kaur@contoso.com,Helsinki,Finland,Helsinki HQ,Compliant,true,company,deviceEnrollmentManager,2026-06-20T09:00:00Z,Active,true,false,true,2026-07-07T10:00:00Z,2026-07-15
WIN-ES-1097,Dell Inc.,Latitude 5540,N/A,N/A,N/A,N/A,PKPC669V,Windows,10.0.19045.4046,Liam Patel,liam.patel@contoso.com,Stockholm,Sweden,Stockholm Office,Compliant,true,company,windowsAzureADJoin,2026-07-14T06:00:00Z,Active,true,false,true,2026-07-05T19:00:00Z,2026-07-15
WIN-DE-1098,HP,HP EliteBook 840 G10,N/A,N/A,N/A,N/A,SWREAP4N,Windows,10.0.19045.3930,Olivia Muller,olivia.muller@contoso.com,Pune,India,Pune DC,Compliant,false,company,windowsAutoEnrollment,2026-07-02T14:00:00Z,Active,false,false,true,2026-07-08T08:00:00Z,2026-07-15
WIN-ES-1099,Dell Inc.,Latitude 5540,N/A,N/A,N/A,N/A,SVJN3PDV,Windows,10.0.22000.2836,Olivia Rossi,olivia.rossi@contoso.com,Stockholm,Sweden,Stockholm Office,Compliant,true,company,deviceEnrollmentManager,2026-06-28T09:00:00Z,N/A,N/A,false,true,N/A,2026-07-15
WIN-FI-1100,HP,HP EliteBook 840 G10,N/A,N/A,N/A,N/A,2C9SPT7Z,Windows,10.0.22621.3296,Nina Smith,nina.smith@contoso.com,Madrid,Spain,Madrid Office,Noncompliant,false,company,windowsAutoEnrollment,2026-06-24T01:00:00Z,Active,true,false,true,2026-07-10T12:00:00Z,2026-07-15
WIN-IN-1101,HP,HP ProBook 450 G9,N/A,N/A,N/A,N/A,18QAJTTV,Windows,10.0.22000.2836,Liam Andersson,liam.andersson@contoso.com,Toronto,Canada,Toronto Office,Noncompliant,true,company,windowsAzureADJoin,2026-06-21T08:00:00Z,N/A,N/A,false,true,N/A,2026-07-15
WIN-SE-1102,Dell Inc.,Latitude 5540,N/A,N/A,N/A,N/A,2TMD0RCB,Windows,10.0.22621.3296,Sara Garcia,sara.garcia@contoso.com,Toronto,Canada,Toronto Office,Compliant,false,company,windowsAutoEnrollment,2026-07-11T17:00:00Z,Active,true,false,true,2026-07-10T04:00:00Z,2026-07-15
WIN-SE-1103,Lenovo,20XW,ThinkPad L15,2023-03-31,2026-03-30,Expired,AWGWPZG1,Windows,10.0.19045.4046,Priya Dubois,priya.dubois@contoso.com,Stockholm,Sweden,Stockholm Office,Compliant,true,company,windowsAutoEnrollment,2026-07-05T11:00:00Z,Active,true,false,true,2026-07-10T19:00:00Z,2026-07-15
WIN-SE-1104,Dell Inc.,Precision 3591,N/A,N/A,N/A,N/A,FY37WYLJ,Windows,10.0.19045.3930,Mateo Sharma,mateo.sharma@contoso.com,Bengaluru,India,Bengaluru Office,Compliant,true,company,appleBulkWithoutUser,2026-06-28T19:00:00Z,Active,true,false,true,2026-07-08T10:00:00Z,2026-07-15
WIN-CA-1105,Lenovo,21CB,ThinkPad T14 Gen 3,2023-03-12,2026-03-11,Expired,BNAE38TS,Windows,10.0.22000.2836,Omar Costa,omar.costa@contoso.com,Amsterdam,Netherlands,Amsterdam Hub,Compliant,true,company,deviceEnrollmentManager,2026-06-21T16:00:00Z,Active,true,false,true,2026-07-08T10:00:00Z,2026-07-15
WIN-CA-1106,Dell Inc.,Latitude 5540,N/A,N/A,N/A,N/A,STVKU9U1,Windows,10.0.22621.3296,Liam Ivanov,liam.ivanov@contoso.com,Stockholm,Sweden,Stockholm Office,Compliant,true,company,appleBulkWithoutUser,2026-07-05T18:00:00Z,Active,true,false,true,2026-07-06T20:00:00Z,2026-07-15
WIN-NL-1107,Dell Inc.,Latitude 5540,N/A,N/A,N/A,N/A,5WQW233V,Windows,10.0.19045.4046,Olivia Korhonen,olivia.korhonen@contoso.com,Madrid,Spain,Madrid Office,Compliant,true,company,windowsAutoEnrollment,2026-07-10T08:00:00Z,Active,true,false,true,2026-07-11T07:00:00Z,2026-07-15
WIN-US-1108,Dell Inc.,Latitude 7440,N/A,N/A,N/A,N/A,95E5J041,Windows,10.0.22631.3447,Olivia Ivanov,olivia.ivanov@contoso.com,Pune,India,Pune DC,Compliant,true,personal,windowsAzureADJoin,2026-07-09T14:00:00Z,N/A,N/A,false,true,N/A,2026-07-15
WIN-SE-1109,Dell Inc.,Precision 3591,N/A,N/A,N/A,N/A,MA200RYN,Windows,10.0.22631.3447,Yuki Kaur,yuki.kaur@contoso.com,Amsterdam,Netherlands,Amsterdam Hub,Compliant,true,company,windowsAutoEnrollment,2026-06-23T09:00:00Z,Active,true,false,true,2026-07-09T20:00:00Z,2026-07-15
WIN-US-1110,HP,HP ProBook 450 G9,N/A,N/A,N/A,N/A,BD2RE5RA,Windows,10.0.19045.3930,Arjun Silva,arjun.silva@contoso.com,Amsterdam,Netherlands,Amsterdam Hub,Compliant,true,company,deviceEnrollmentManager,2026-06-21T05:00:00Z,Inactive,false,false,true,2026-07-06T21:00:00Z,2026-07-15
WIN-DE-1111,Lenovo,21CB,ThinkPad T14 Gen 3,2023-07-04,2026-07-03,Expired,DDHCWTRA,Windows,10.0.22631.3447,Lucas Nieminen,lucas.nieminen@contoso.com,Stockholm,Sweden,Stockholm Office,Compliant,true,personal,deviceEnrollmentManager,2026-07-13T03:00:00Z,Active,true,false,true,2026-07-08T01:00:00Z,2026-07-15
WIN-IN-1112,Microsoft Corporation,Surface Pro 9,N/A,N/A,N/A,N/A,5XZCVWFM,Windows,10.0.19045.3930,Liam Jansen,liam.jansen@contoso.com,Munich,Germany,Munich Office,Compliant,true,company,appleBulkWithoutUser,2026-06-29T16:00:00Z,Inactive,false,false,true,2026-07-07T00:00:00Z,2026-07-15
WIN-NL-1113,Dell Inc.,Latitude 7440,N/A,N/A,N/A,N/A,KCUWW2Z4,Windows,10.0.22621.3296,Nina Sharma,nina.sharma@contoso.com,Toronto,Canada,Toronto Office,Compliant,false,company,windowsAutoEnrollment,2026-06-30T09:00:00Z,N/A,N/A,false,false,N/A,2026-07-15
WIN-FI-1114,Lenovo,21CB,ThinkPad T14 Gen 3,2023-09-11,2026-09-10,Expiring soon,E5VNZ182,Windows,10.0.22621.3296,Eero Jansen,eero.jansen@contoso.com,Pune,India,Pune DC,Compliant,true,company,windowsAzureADJoin,2026-06-22T20:00:00Z,Inactive,false,true,true,2026-07-11T15:00:00Z,2026-07-15
WIN-SE-1115,Dell Inc.,Latitude 7440,N/A,N/A,N/A,N/A,CC79FMV1,Windows,10.0.22631.3447,Eero Korhonen,eero.korhonen@contoso.com,Madrid,Spain,Madrid Office,In grace period,true,company,windowsAutoEnrollment,2026-06-27T07:00:00Z,Active,true,false,true,2026-07-12T01:00:00Z,2026-07-15
WIN-FI-1116,Lenovo,21JK,ThinkPad P16v,2023-08-11,2026-08-10,Expiring soon,T20FE2K6,Windows,10.0.19045.3930,Priya Nieminen,priya.nieminen@contoso.com,Helsinki,Finland,Helsinki HQ,Compliant,true,company,deviceEnrollmentManager,2026-07-10T06:00:00Z,Active,true,true,true,2026-07-11T08:00:00Z,2026-07-15
WIN-CA-1117,Lenovo,21JK,ThinkPad P16v,2023-10-23,2026-10-22,In warranty,DV0HTB5J,Windows,10.0.22631.3447,Liam Muller,liam.muller@contoso.com,Austin,United States,Austin Office,Compliant,true,company,windowsAzureADJoin,2026-06-24T01:00:00Z,Inactive,false,false,true,2026-07-06T19:00:00Z,2026-07-15
WIN-CA-1118,Lenovo,21CB,ThinkPad T14 Gen 3,2023-04-25,2026-04-24,Expired,398CRK4M,Windows,10.0.19045.3930,Ravi Berg,ravi.berg@contoso.com,Helsinki,Finland,Helsinki HQ,Compliant,true,company,appleBulkWithoutUser,2026-07-12T01:00:00Z,Active,true,false,false,2026-07-12T15:00:00Z,2026-07-15
WIN-NL-1119,Lenovo,21CB,ThinkPad T14 Gen 3,2023-05-05,2026-05-04,Expired,UXZAM1N1,Windows,10.0.22631.3447,Olivia Costa,olivia.costa@contoso.com,Toronto,Canada,Toronto Office,Compliant,true,company,deviceEnrollmentManager,2026-06-22T01:00:00Z,Active,true,true,true,2026-07-12T13:00:00Z,2026-07-15
WIN-US-1120,Lenovo,21CB,ThinkPad T14 Gen 3,2023-05-24,2026-05-23,Expired,3CVQ8JJL,Windows,10.0.22621.3296,Eero Garcia,eero.garcia@contoso.com,Munich,Germany,Munich Office,Compliant,true,personal,windowsAutoEnrollment,2026-06-29T11:00:00Z,Active,true,false,true,2026-07-08T05:00:00Z,2026-07-15
WIN-FI-1121,HP,HP ProBook 450 G9,N/A,N/A,N/A,N/A,8HLKEFZ4,Windows,10.0.22631.3447,Lucas Jansen,lucas.jansen@contoso.com,Munich,Germany,Munich Office,Compliant,true,company,windowsAzureADJoin,2026-07-08T17:00:00Z,Active,true,false,false,2026-07-11T05:00:00Z,2026-07-15
WIN-IN-1122,Lenovo,20XW,ThinkPad L15,2023-07-22,2026-07-21,Expiring soon,UDD2EC2H,Windows,10.0.19045.3930,Priya Novak,priya.novak@contoso.com,Helsinki,Finland,Helsinki Office,Compliant,true,company,deviceEnrollmentManager,2026-07-14T01:00:00Z,N/A,N/A,false,true,N/A,2026-07-15
WIN-ES-1123,Microsoft Corporation,Surface Pro 9,N/A,N/A,N/A,N/A,BRFV3PBZ,Windows,10.0.19045.4046,Elin Muller,elin.muller@contoso.com,Toronto,Canada,Toronto Office,In grace period,false,personal,deviceEnrollmentManager,2026-06-26T10:00:00Z,Active,true,false,true,2026-07-13T17:00:00Z,2026-07-15
WIN-DE-1124,Lenovo,21CB,ThinkPad T14 Gen 3,2023-01-18,2026-01-17,Expired,EG6TX339,Windows,10.0.22631.3447,Nina Garcia,nina.garcia@contoso.com,Pune,India,Pune DC,Compliant,true,company,windowsAutoEnrollment,2026-06-27T19:00:00Z,Inactive,false,false,false,2026-07-10T22:00:00Z,2026-07-15
WIN-FI-1125,Dell Inc.,Latitude 5540,N/A,N/A,N/A,N/A,U299DYK3,Windows,10.0.22631.3447,Sara Rossi,sara.rossi@contoso.com,Toronto,Canada,Toronto Office,Compliant,true,company,deviceEnrollmentManager,2026-07-14T02:00:00Z,Inactive,false,false,false,2026-07-10T00:00:00Z,2026-07-15
WIN-FI-1126,HP,HP EliteBook 840 G10,N/A,N/A,N/A,N/A,438UFBBW,Windows,10.0.22000.2836,Ingrid Patel,ingrid.patel@contoso.com,Amsterdam,Netherlands,Amsterdam Hub,Compliant,true,company,appleBulkWithoutUser,2026-07-14T04:00:00Z,Active,true,false,false,2026-07-13T00:00:00Z,2026-07-15
WIN-ES-1127,Dell Inc.,Latitude 7440,N/A,N/A,N/A,N/A,TNCZYVML,Windows,10.0.22631.3447,Arjun Garcia,arjun.garcia@contoso.com,Toronto,Canada,Toronto Office,Compliant,true,company,appleBulkWithoutUser,2026-07-12T20:00:00Z,Active,true,false,true,2026-07-06T00:00:00Z,2026-07-15
WIN-IN-1128,HP,HP ProBook 450 G9,N/A,N/A,N/A,N/A,88P98BW7,Windows,10.0.22621.3296,Emma Wang,emma.wang@contoso.com,Bengaluru,India,Bengaluru Office,Compliant,true,company,deviceEnrollmentManager,2026-07-07T21:00:00Z,Active,true,false,true,2026-07-15T00:00:00Z,2026-07-15
WIN-DE-1129,Dell Inc.,Latitude 7440,N/A,N/A,N/A,N/A,20BQQFQ5,Windows,10.0.22621.3296,Mateo Nieminen,mateo.nieminen@contoso.com,Stockholm,Sweden,Stockholm Office,Compliant,true,company,windowsAzureADJoin,2026-07-01T01:00:00Z,Active,true,false,false,2026-07-12T07:00:00Z,2026-07-15
WIN-ES-1130,Dell Inc.,Latitude 7440,N/A,N/A,N/A,N/A,0U6DWWSB,Windows,10.0.22621.3296,Priya Patel,priya.patel@contoso.com,Toronto,Canada,Toronto Office,Compliant,true,company,windowsAzureADJoin,2026-07-01T18:00:00Z,Active,true,false,true,2026-07-13T07:00:00Z,2026-07-15
WIN-ES-1131,Dell Inc.,Latitude 5540,N/A,N/A,N/A,N/A,FNQLYWGA,Windows,10.0.19045.3930,Sofia Rossi,sofia.rossi@contoso.com,Helsinki,Finland,Helsinki HQ,Compliant,true,company,appleBulkWithoutUser,2026-07-03T08:00:00Z,Active,true,false,true,2026-07-09T19:00:00Z,2026-07-15
WIN-US-1132,Dell Inc.,Latitude 7440,N/A,N/A,N/A,N/A,RHKC1YCM,Windows,10.0.22621.3296,Olivia Lehto,olivia.lehto@contoso.com,Helsinki,Finland,Helsinki Office,Compliant,true,company,windowsAutoEnrollment,2026-07-07T11:00:00Z,Active,true,false,false,2026-07-10T08:00:00Z,2026-07-15
MAC-ES-1133,Apple,"MacBookPro18,3",N/A,N/A,N/A,N/A,5SC60T63,macOS,13.6.4,Yuki Dubois,yuki.dubois@contoso.com,Helsinki,Finland,Helsinki HQ,Compliant,true,company,windowsAutoEnrollment,2026-06-20T22:00:00Z,N/A,N/A,N/A,N/A,N/A,2026-07-15
WIN-US-1134,Lenovo,21JK,ThinkPad P16v,2023-03-06,2026-03-05,Expired,3CUU5T7A,Windows,10.0.19045.3930,Arjun Sharma,arjun.sharma@contoso.com,Stockholm,Sweden,Stockholm Office,Compliant,false,company,deviceEnrollmentManager,2026-07-09T01:00:00Z,Inactive,false,false,true,2026-07-05T06:00:00Z,2026-07-15
WIN-DE-1135,Lenovo,21CB,ThinkPad T14 Gen 3,2023-02-21,2026-02-20,Expired,SWBKEWZB,Windows,10.0.19045.3930,Elin Ivanov,elin.ivanov@contoso.com,Toronto,Canada,Toronto Office,In grace period,true,company,appleBulkWithoutUser,2026-06-22T12:00:00Z,Inactive,false,false,true,2026-07-08T01:00:00Z,2026-07-15
WIN-US-1136,HP,HP EliteBook 840 G10,N/A,N/A,N/A,N/A,12L0WDR7,Windows,10.0.22621.3296,Ingrid Virtanen,ingrid.virtanen@contoso.com,Pune,India,Pune DC,Compliant,true,company,windowsAutoEnrollment,2026-07-11T04:00:00Z,N/A,N/A,false,true,N/A,2026-07-15
WIN-IN-1137,HP,HP ProBook 450 G9,N/A,N/A,N/A,N/A,BNGNRP7Z,Windows,10.0.19045.4046,Emma Nieminen,emma.nieminen@contoso.com,Austin,United States,Austin Office,Compliant,true,company,windowsAzureADJoin,2026-07-07T23:00:00Z,Active,true,false,true,2026-07-10T04:00:00Z,2026-07-15
WIN-FI-1138,Lenovo,21JK,ThinkPad P16v,2023-06-29,2026-06-28,Expired,5YZKPA22,Windows,10.0.19045.3930,Elin Wang,elin.wang@contoso.com,Munich,Germany,Munich Office,Compliant,true,company,windowsAzureADJoin,2026-07-03T05:00:00Z,Active,false,false,true,2026-07-12T18:00:00Z,2026-07-15
WIN-DE-1139,Dell Inc.,Latitude 7440,N/A,N/A,N/A,N/A,RZ4PDTY4,Windows,10.0.19045.3930,Aino Jansen,aino.jansen@contoso.com,Toronto,Canada,Toronto Office,Compliant,true,company,appleBulkWithoutUser,2026-06-27T07:00:00Z,Inactive,false,false,true,2026-07-12T17:00:00Z,2026-07-15
WIN-FI-1140,Dell Inc.,Precision 3591,N/A,N/A,N/A,N/A,TJB53PLE,Windows,10.0.22000.2836,Olivia Andersson,olivia.andersson@contoso.com,Pune,India,Pune DC,Compliant,true,company,appleBulkWithoutUser,2026-07-03T13:00:00Z,Active,true,false,true,2026-07-13T10:00:00Z,2026-07-15
WIN-NL-1141,HP,HP ProBook 450 G9,N/A,N/A,N/A,N/A,7NLFYUKS,Windows,10.0.22631.3447,Yuki Lehto,yuki.lehto@contoso.com,Amsterdam,Netherlands,Amsterdam Hub,Noncompliant,true,personal,deviceEnrollmentManager,2026-06-30T17:00:00Z,Active,true,false,true,2026-07-05T08:00:00Z,2026-07-15
WIN-US-1142,HP,HP EliteBook 840 G10,N/A,N/A,N/A,N/A,XVXSGEZU,Windows,10.0.22631.3447,Priya Novak,priya.novak@contoso.com,Helsinki,Finland,Helsinki Office,Compliant,true,company,appleBulkWithoutUser,2026-06-29T12:00:00Z,Active,true,false,true,2026-07-05T19:00:00Z,2026-07-15
WIN-US-1143,Lenovo,21CB,ThinkPad T14 Gen 3,2023-10-19,2026-10-18,In warranty,RH2VF22E,Windows,10.0.19045.3930,Mateo Berg,mateo.berg@contoso.com,Madrid,Spain,Madrid Office,Noncompliant,true,company,deviceEnrollmentManager,2026-07-11T22:00:00Z,Active,true,false,true,2026-07-14T23:00:00Z,2026-07-15
WIN-NL-1144,Dell Inc.,Latitude 5540,N/A,N/A,N/A,N/A,JZMEPWF4,Windows,10.0.22621.3296,Yuki Virtanen,yuki.virtanen@contoso.com,Munich,Germany,Munich Office,Compliant,true,company,windowsAzureADJoin,2026-07-01T15:00:00Z,Active,true,true,false,2026-07-07T05:00:00Z,2026-07-15
MAC-FI-1145,Apple,"MacBookAir10,1",N/A,N/A,N/A,N/A,NG87PH0E,macOS,13.6.4,Marco Dubois,marco.dubois@contoso.com,Austin,United States,Austin Office,Compliant,true,personal,appleBulkWithoutUser,2026-06-24T11:00:00Z,N/A,N/A,N/A,N/A,N/A,2026-07-15
WIN-SE-1146,Dell Inc.,Latitude 7440,N/A,N/A,N/A,N/A,REJZGZAQ,Windows,10.0.19045.4046,Eero Lehto,eero.lehto@contoso.com,Bengaluru,India,Bengaluru Office,Noncompliant,true,company,windowsAzureADJoin,2026-07-13T07:00:00Z,Active,true,true,true,2026-07-10T14:00:00Z,2026-07-15
WIN-CA-1147,HP,HP ProBook 450 G9,N/A,N/A,N/A,N/A,49NPFU6Z,Windows,10.0.22000.2836,Noah Berg,noah.berg@contoso.com,Toronto,Canada,Toronto Office,Noncompliant,false,company,windowsAzureADJoin,2026-07-03T07:00:00Z,Active,true,false,true,2026-07-12T05:00:00Z,2026-07-15
WIN-FI-1148,Lenovo,21HD,ThinkPad X1 Carbon Gen 11,2023-09-10,2026-09-09,Expiring soon,DFBK3L1D,Windows,10.0.19045.4046,Sofia Ivanov,sofia.ivanov@contoso.com,Helsinki,Finland,Helsinki Office,Compliant,false,company,windowsAzureADJoin,2026-07-04T10:00:00Z,Active,true,false,true,2026-07-14T12:00:00Z,2026-07-15
WIN-SE-1149,Lenovo,21CB,ThinkPad T14 Gen 3,2023-05-18,2026-05-17,Expired,SQ6FE094,Windows,10.0.19045.3930,Ingrid Kaur,ingrid.kaur@contoso.com,Bengaluru,India,Bengaluru Office,Noncompliant,false,company,deviceEnrollmentManager,2026-07-10T12:00:00Z,Active,true,false,true,2026-07-05T23:00:00Z,2026-07-15
WIN-DE-1150,Dell Inc.,Precision 3591,N/A,N/A,N/A,N/A,BJLZZ2VV,Windows,10.0.22621.3296,Nina Patel,nina.patel@contoso.com,Toronto,Canada,Toronto Office,Compliant,true,company,deviceEnrollmentManager,2026-06-24T18:00:00Z,N/A,N/A,false,true,N/A,2026-07-15
WIN-FI-1151,Dell Inc.,Precision 3591,N/A,N/A,N/A,N/A,F445CSJ8,Windows,10.0.22000.2836,Omar Jansen,omar.jansen@contoso.com,Helsinki,Finland,Helsinki Office,Compliant,true,company,deviceEnrollmentManager,2026-06-21T13:00:00Z,Inactive,false,false,false,2026-07-05T01:00:00Z,2026-07-15
WIN-IN-1152,Dell Inc.,Precision 3591,N/A,N/A,N/A,N/A,QUADWXLT,Windows,10.0.22621.3296,Priya Nieminen,priya.nieminen@contoso.com,Amsterdam,Netherlands,Amsterdam Hub,Compliant,true,company,windowsAutoEnrollment,2026-06-26T07:00:00Z,Active,true,false,false,2026-07-10T17:00:00Z,2026-07-15
WIN-US-1153,HP,HP ProBook 450 G9,N/A,N/A,N/A,N/A,NX3UND6S,Windows,10.0.22631.3447,Eero Jansen,eero.jansen@contoso.com,Bengaluru,India,Bengaluru Office,Noncompliant,true,company,windowsAutoEnrollment,2026-06-29T20:00:00Z,Active,true,false,true,2026-07-11T09:00:00Z,2026-07-15
WIN-US-1154,Lenovo,21CB,ThinkPad T14 Gen 3,2023-08-23,2026-08-22,Expiring soon,2RY8ESUB,Windows,10.0.19045.3930,Yuki Sharma,yuki.sharma@contoso.com,Helsinki,Finland,Helsinki Office,Noncompliant,true,company,windowsAutoEnrollment,2026-07-13T09:00:00Z,N/A,N/A,false,true,N/A,2026-07-15
WIN-NL-1155,Microsoft Corporation,Surface Pro 9,N/A,N/A,N/A,N/A,1K88REQZ,Windows,10.0.22000.2836,Elin Patel,elin.patel@contoso.com,Stockholm,Sweden,Stockholm Office,Noncompliant,true,company,appleBulkWithoutUser,2026-06-23T20:00:00Z,Inactive,false,false,true,2026-07-07T15:00:00Z,2026-07-15
WIN-US-1156,Microsoft Corporation,Surface Pro 9,N/A,N/A,N/A,N/A,VV80Y6U5,Windows,10.0.22000.2836,Arjun Sharma,arjun.sharma@contoso.com,Madrid,Spain,Madrid Office,Compliant,true,company,deviceEnrollmentManager,2026-07-07T18:00:00Z,Active,true,false,false,2026-07-11T06:00:00Z,2026-07-15
WIN-US-1157,Microsoft Corporation,Surface Laptop 5,N/A,N/A,N/A,N/A,1B3D5151,Windows,10.0.19045.4046,Noah Korhonen,noah.korhonen@contoso.com,Amsterdam,Netherlands,Amsterdam Hub,Compliant,true,company,deviceEnrollmentManager,2026-07-03T03:00:00Z,Active,true,true,true,2026-07-12T20:00:00Z,2026-07-15
WIN-SE-1158,Lenovo,20XW,ThinkPad L15,2023-06-10,2026-06-09,Expired,NW1G0GR9,Windows,10.0.19045.4046,Yuki Berg,yuki.berg@contoso.com,Amsterdam,Netherlands,Amsterdam Hub,Not evaluated,false,company,deviceEnrollmentManager,2026-06-26T11:00:00Z,Inactive,false,false,true,2026-07-08T03:00:00Z,2026-07-15
WIN-DE-1159,Lenovo,21CB,ThinkPad T14 Gen 3,2023-08-08,2026-08-07,Expiring soon,W2X4L2UC,Windows,10.0.22000.2836,Yuki Korhonen,yuki.korhonen@contoso.com,Helsinki,Finland,Helsinki Office,Compliant,true,company,appleBulkWithoutUser,2026-07-15T03:00:00Z,Active,true,false,true,2026-07-11T14:00:00Z,2026-07-15
WIN-IN-1160,Dell Inc.,Latitude 7440,N/A,N/A,N/A,N/A,U949AYR6,Windows,10.0.22000.2836,Sara Patel,sara.patel@contoso.com,Helsinki,Finland,Helsinki Office,Compliant,true,company,deviceEnrollmentManager,2026-07-06T06:00:00Z,Active,true,false,true,2026-07-08T10:00:00Z,2026-07-15
MAC-FI-1161,Apple,"MacBookAir10,1",N/A,N/A,N/A,N/A,3RB6GT8F,macOS,14.3.1,Yuki Muller,yuki.muller@contoso.com,Helsinki,Finland,Helsinki Office,Compliant,true,personal,appleBulkWithoutUser,2026-06-23T10:00:00Z,N/A,N/A,N/A,N/A,N/A,2026-07-15
WIN-US-1162,Dell Inc.,Latitude 7440,N/A,N/A,N/A,N/A,CGJC36PR,Windows,10.0.19045.3930,Sofia Sharma,sofia.sharma@contoso.com,Amsterdam,Netherlands,Amsterdam Hub,Compliant,true,personal,windowsAutoEnrollment,2026-07-12T07:00:00Z,Active,true,false,true,2026-07-14T02:00:00Z,2026-07-15
WIN-US-1163,Dell Inc.,Latitude 7440,N/A,N/A,N/A,N/A,C2QPYSUE,Windows,10.0.22621.3296,Ravi Virtanen,ravi.virtanen@contoso.com,Helsinki,Finland,Helsinki Office,Compliant,true,company,windowsAzureADJoin,2026-07-12T06:00:00Z,Active,true,false,true,2026-07-08T13:00:00Z,2026-07-15
WIN-NL-1164,HP,HP ProBook 450 G9,N/A,N/A,N/A,N/A,10H64EGW,Windows,10.0.19045.3930,Ingrid Virtanen,ingrid.virtanen@contoso.com,Pune,India,Pune DC,Compliant,true,company,windowsAzureADJoin,2026-06-20T22:00:00Z,Active,true,false,true,2026-07-07T01:00:00Z,2026-07-15
WIN-DE-1165,Lenovo,21CB,ThinkPad T14 Gen 3,2023-10-09,2026-10-08,Expiring soon,KCGSMYZF,Windows,10.0.22000.2836,Ravi Kaur,ravi.kaur@contoso.com,Helsinki,Finland,Helsinki HQ,Compliant,true,company,deviceEnrollmentManager,2026-06-20T14:00:00Z,Active,true,false,true,2026-07-13T23:00:00Z,2026-07-15
WIN-IN-1166,Microsoft Corporation,Surface Pro 9,N/A,N/A,N/A,N/A,2SDXCK46,Windows,10.0.19045.3930,Mateo Jansen,mateo.jansen@contoso.com,Helsinki,Finland,Helsinki HQ,Noncompliant,true,company,appleBulkWithoutUser,2026-06-30T00:00:00Z,Active,true,false,true,2026-07-11T05:00:00Z,2026-07-15
WIN-FI-1167,Lenovo,21HD,ThinkPad X1 Carbon Gen 11,2023-10-25,2026-10-24,In warranty,NH20KRTP,Windows,10.0.19045.4046,Sara Virtanen,sara.virtanen@contoso.com,Helsinki,Finland,Helsinki HQ,Compliant,true,company,windowsAzureADJoin,2026-06-21T20:00:00Z,Active,true,false,true,2026-07-13T10:00:00Z,2026-07-15
WIN-FI-1168,HP,HP EliteBook 840 G10,N/A,N/A,N/A,N/A,HJHYT2P7,Windows,10.0.22000.2836,Nina Patel,nina.patel@contoso.com,Stockholm,Sweden,Stockholm Office,Compliant,true,company,deviceEnrollmentManager,2026-06-24T17:00:00Z,N/A,N/A,true,true,N/A,2026-07-15
WIN-NL-1169,Lenovo,20XW,ThinkPad L15,2023-10-24,2026-10-23,In warranty,3M26A5QH,Windows,10.0.19045.4046,Lucas Muller,lucas.muller@contoso.com,Austin,United States,Austin Office,Compliant,true,company,appleBulkWithoutUser,2026-07-12T01:00:00Z,Active,true,false,true,2026-07-11T06:00:00Z,2026-07-15
WIN-US-1170,Lenovo,21CB,ThinkPad T14 Gen 3,2023-04-28,2026-04-27,Expired,EWET6EF7,Windows,10.0.19045.3930,Marco Andersson,marco.andersson@contoso.com,Bengaluru,India,Bengaluru Office,Compliant,true,company,windowsAutoEnrollment,2026-06-24T22:00:00Z,Active,true,false,false,2026-07-14T13:00:00Z,2026-07-15
WIN-US-1171,Dell Inc.,Precision 3591,N/A,N/A,N/A,N/A,2XTFZ7WC,Windows,10.0.19045.4046,Liam Sharma,liam.sharma@contoso.com,Pune,India,Pune DC,Compliant,true,company,deviceEnrollmentManager,2026-07-06T00:00:00Z,Inactive,false,false,true,2026-07-06T06:00:00Z,2026-07-15
WIN-US-1172,Dell Inc.,Latitude 7440,N/A,N/A,N/A,N/A,TDSEW462,Windows,10.0.19045.4046,Sara Dubois,sara.dubois@contoso.com,Madrid,Spain,Madrid Office,Compliant,true,company,deviceEnrollmentManager,2026-06-25T01:00:00Z,Inactive,false,false,true,2026-07-09T08:00:00Z,2026-07-15
WIN-FI-1173,Dell Inc.,Latitude 5540,N/A,N/A,N/A,N/A,CWUJA1AT,Windows,10.0.19045.4046,Omar Jansen,omar.jansen@contoso.com,Austin,United States,Austin Office,In grace period,true,company,appleBulkWithoutUser,2026-06-20T19:00:00Z,Active,true,false,true,2026-07-05T21:00:00Z,2026-07-15
WIN-US-1174,Lenovo,21CB,ThinkPad T14 Gen 3,2023-03-21,2026-03-20,Expired,UUGVS9V2,Windows,10.0.22631.3447,Ingrid Andersson,ingrid.andersson@contoso.com,Amsterdam,Netherlands,Amsterdam Hub,Compliant,true,company,windowsAutoEnrollment,2026-06-21T06:00:00Z,Active,true,false,true,2026-07-10T15:00:00Z,2026-07-15
WIN-NL-1175,HP,HP EliteBook 840 G10,N/A,N/A,N/A,N/A,7QCHCBP9,Windows,10.0.19045.3930,Emma Andersson,emma.andersson@contoso.com,Munich,Germany,Munich Office,Compliant,true,company,windowsAzureADJoin,2026-07-08T12:00:00Z,Active,true,false,true,2026-07-10T00:00:00Z,2026-07-15
WIN-US-1176,HP,HP EliteBook 840 G10,N/A,N/A,N/A,N/A,YNY9CKPY,Windows,10.0.19045.3930,Nina Virtanen,nina.virtanen@contoso.com,Munich,Germany,Munich Office,Compliant,true,company,appleBulkWithoutUser,2026-07-07T01:00:00Z,Active,true,false,true,2026-07-13T05:00:00Z,2026-07-15
WIN-SE-1177,Dell Inc.,Precision 3591,N/A,N/A,N/A,N/A,G7VJPDCL,Windows,10.0.19045.4046,Liam Wang,liam.wang@contoso.com,Helsinki,Finland,Helsinki Office,Compliant,true,personal,appleBulkWithoutUser,2026-06-30T13:00:00Z,N/A,N/A,false,true,N/A,2026-07-15
WIN-FI-1178,Microsoft Corporation,Surface Pro 9,N/A,N/A,N/A,N/A,CX9ZHL8T,Windows,10.0.22000.2836,Lucas Kaur,lucas.kaur@contoso.com,Toronto,Canada,Toronto Office,Not evaluated,true,company,appleBulkWithoutUser,2026-06-25T19:00:00Z,Active,true,false,true,2026-07-12T06:00:00Z,2026-07-15
WIN-IN-1179,HP,HP ProBook 450 G9,N/A,N/A,N/A,N/A,Z6SG15HG,Windows,10.0.19045.3930,Liam Lehto,liam.lehto@contoso.com,Pune,India,Pune DC,Compliant,true,company,deviceEnrollmentManager,2026-06-25T01:00:00Z,Active,true,false,true,2026-07-07T01:00:00Z,2026-07-15
WIN-US-1180,Microsoft Corporation,Surface Pro 9,N/A,N/A,N/A,N/A,5S97KHVB,Windows,10.0.19045.3930,Sofia Nieminen,sofia.nieminen@contoso.com,Helsinki,Finland,Helsinki Office,Compliant,true,company,windowsAzureADJoin,2026-06-24T19:00:00Z,Active,true,false,true,2026-07-08T21:00:00Z,2026-07-15
